,id,jmeno,prijmeni,email,adresa,telefon
,Dorita,Baylis,dbaylis0@weibo.com,360 Carberry Court,5662001481
,Arman,Schinetti,aschinetti1@hostgator.com,5 Huxley Hill,9437945270
,Caldwell,Halgarth,chalgarth2@freewebs.com,5948 Duke Court,1781386719
,Constancy,Coenraets,ccoenraets3@elpais.com,0 Doe Crossing Center,9901342894
,Samantha,Southan,ssouthan4@comsenz.com,17 Dwight Junction,9187487828
,Micheil,Nabarro,mnabarro5@theglobeandmail.com,5370 Del Mar Trail,9589594898
,Orsola,Frayling,ofrayling6@miitbeian.gov.cn,68838 Hagan Circle,2514487190
,Cherida,Beckworth,cbeckworth7@chicagotribune.com,88220 Sycamore Center,2672326444
,Mariellen,Maghull,mmaghull8@time.com,20160 Morning Drive,1786424918
,Priscilla,MacEvilly,pmacevilly9@umn.edu,8 4th Pass,8293064048
